priority,company,named_contact,role,channel_status,linkedin_search,pain_signal,connection_note,follow_up_after_accept
High,Kindsight,Julia Stead,Chief Marketing Officer,LINKEDIN_READY,Julia Stead Kindsight LinkedIn,"Hiring for Marketing Operations with HubSpot administration, Salesforce objects/fields, attribution tagging, enrichment, and data-flow reliability.","Hi Julia, saw Kindsight is hiring around HubSpot, Salesforce fields, attribution, enrichment, and data flow. Emergent Logic helps teams clean up that CRM/marketing ops layer before reporting and routing get messy. Would be good to connect.","Thanks for connecting, Julia. The Kindsight marketing ops role stood out because it is very specific around HubSpot, Salesforce fields, attribution, UTMs, and data-flow reliability. If useful, I can send a short checklist we use to review one campaign-to-CRM handoff before more automation gets layered on."
High,ContactMonkey,Daniel Marcus,VP Revenue Operations,LINKEDIN_READY,Daniel Marcus ContactMonkey Revenue Operations LinkedIn,"GTM Engineer role references revenue systems, integrations, automation, data hygiene, lead/account distribution, Salesforce, HubSpot, and revenue visibility.","Hi Daniel, noticed ContactMonkey is hiring around GTM systems, Salesforce, HubSpot, automation, data hygiene, and lead/account distribution. That is exactly the layer we help clean up at Emergent Logic. Would be good to connect.","Thanks Daniel. The GTM Engineer role looks like a strong systems signal: integrations, automation, data hygiene, routing/distribution, and revenue visibility. We help teams audit one workflow path and clean up the CRM layer underneath. Happy to send the checklist if useful."
High,Maze,Jonathan Widawski,Co-founder and CEO,LINKEDIN_READY,Jonathan Widawski Maze CEO LinkedIn,"AI-ready GTM/workflow systems and growth operations complexity.","Hi Jonathan, following Maze’s growth and GTM systems motion. We help teams clean up CRM workflows, routing, and reporting before automation/AI layers make messy data harder to unwind. Would be good to connect.","Thanks Jonathan. I’m focused on the unglamorous layer under GTM automation: lifecycle fields, routing, ownership, attribution, and reporting trust. If Maze is tightening that layer, I can share a short workflow audit checklist."
High,CaptivateIQ,Mark Schopmeyer,Co-CEO and Co-founder,LINKEDIN_READY,Mark Schopmeyer CaptivateIQ LinkedIn,"Revenue operations and GTM process complexity in sales compensation and revenue workflows.","Hi Mark, CaptivateIQ sits close to the revenue workflow pain we work on: CRM data, handoffs, reporting, and sales ops process clarity. Emergent Logic helps clean that layer before it creates downstream admin. Would be good to connect.","Thanks Mark. We are focused on helping teams clean the CRM/revenue ops layer: routing, lifecycle fields, source tracking, and reporting reliability. Given CaptivateIQ’s space, I thought the overlap was worth a quick connection."
High,StackAdapt,Vitaly Pecherskiy,CEO and Co-founder,LINKEDIN_READY,Vitaly Pecherskiy StackAdapt LinkedIn,"Marketing Operations role references HubSpot, Salesforce, MAP-to-CRM data syncs, process auditing, and gap detection.","Hi Vitaly, saw StackAdapt is hiring marketing ops with HubSpot/Salesforce sync, process audits, and data-flow ownership. We help teams clean up that MAP-to-CRM layer before attribution or routing breaks. Would be good to connect.","Thanks Vitaly. The StackAdapt marketing ops role stood out because it names the real pain: HubSpot/Salesforce syncs, auditing complex processes, and finding gaps. We help teams review one campaign-to-opportunity path and clean up the handoff."
High,Clio,Jack Newton,CEO and Founder,LINKEDIN_READY,Jack Newton Clio LinkedIn,"Marketing Operations role asks for marketing automation and CRM experience across HubSpot/Salesforce Marketing Cloud/Dynamics/Salesforce.","Hi Jack, saw Clio is hiring senior marketing ops with CRM/automation depth across HubSpot, Salesforce Marketing Cloud, Dynamics, and Salesforce. We help clean up lifecycle, routing, and reporting handoffs in that layer. Would be good to connect.","Thanks Jack. The Clio role signals a scaling GTM systems layer: lifecycle stages, segmentation, source attribution, and sales handoff. We help teams audit one form-fill-to-sales path and flag cleanup opportunities before more automation is added."
High,Wagepoint,Alexander Goncalves,Chief Commercial Officer,LINKEDIN_READY,Alexander Goncalves Wagepoint LinkedIn,"Revenue Operations Lead role asks for hands-on HubSpot workflow ownership at a Canadian payroll software company.","Hi Alexander, saw Wagepoint is hiring RevOps with hands-on HubSpot workflow ownership. We help teams clean routing, lifecycle stages, source tracking, and follow-up visibility before workflows become hard to trust. Would be good to connect.","Thanks Alexander. The Wagepoint role stood out because HubSpot workflow ownership is often where CRM cleanup becomes urgent. Happy to share a short inbound/partner lead path checklist if that is useful."
High,ChargeLab,Ariel Maidansky,Head of Growth,LINKEDIN_READY,Ariel Maidansky ChargeLab LinkedIn,"Revenue Operations role references CRM management, data integrity, acquisition, cross-functional alignment, and revenue performance.","Hi Ariel, saw ChargeLab’s RevOps role mentions CRM management, data integrity, acquisition, and revenue performance. We help teams clean up the CRM/routing layer behind those growth systems. Would be good to connect.","Thanks Ariel. The ChargeLab RevOps signal is very specific: CRM management, data integrity, acquisition, and cross-functional alignment. We help teams review one acquisition-to-follow-up path and clean up the hidden handoffs."
High,Prophix,Nick Slater,Chief Revenue Officer,LINKEDIN_READY,Nick Slater Prophix LinkedIn,"Senior Revenue Operations Systems Analyst role references revenue tech stack, Salesforce, automation, validation logic, reporting, and data infrastructure.","Hi Nick, saw Prophix is hiring around revenue systems, Salesforce, automation, validation logic, reporting, and data infrastructure. We help teams clean up CRM/workflow paths before systems work becomes recurring admin. Would be good to connect.","Thanks Nick. The Prophix systems role reads like a strong cleanup signal: Salesforce, automation, validation, reporting, and scalable revenue tech. I can share a short checklist for reviewing one revenue-system workflow if helpful."
Medium-High,Lightspeed,Dax Dasilva,Founder and CEO,LINKEDIN_READY,Dax Dasilva Lightspeed LinkedIn,"Growth Marketing role references Salesforce, HubSpot/Marketo, BigQuery, Fivetran, Looker, GA4, and Clay; RevOps hiring signals also surfaced.","Hi Dax, saw Lightspeed’s growth systems signal across Salesforce, HubSpot/Marketo, BigQuery, Looker, GA4, and Clay. We help teams clean the CRM/routing/reporting layer under that complexity. Would be good to connect.","Thanks Dax. I’m focused on the part of GTM systems that quietly leaks revenue: attribution, lifecycle fields, routing, and handoff visibility. Happy to share a short campaign-to-pipeline review checklist."
Medium,D2L,John Baker,President CEO and Board Chair,LINKEDIN_READY,John Baker D2L LinkedIn,"Marketing/BDR operations and CRM systems around enterprise education sales.","Hi John, following D2L’s enterprise education motion. We help teams clean up CRM routing, lead follow-up, lifecycle stages, and reporting before GTM systems become too manual. Would be good to connect.","Thanks John. Emergent Logic focuses on practical CRM cleanup: how a lead moves from source to owner to next step, and whether reporting can be trusted. If useful, I can send a simple lead-handoff checklist."
Medium,Clearco,Andrew Curtis,CEO and Director,LINKEDIN_READY,Andrew Curtis Clearco LinkedIn,"Growth systems, BDR operations, and CRM follow-up visibility in fintech/SMB funding motion.","Hi Andrew, following Clearco’s SMB funding motion. We help teams clean up CRM follow-up, source tracking, lifecycle stages, and routing so growth teams are not relying on manual handoffs. Would be good to connect.","Thanks Andrew. We are focused on the CRM layer behind growth: source tracking, owner assignment, lifecycle stage clarity, and follow-up visibility. Happy to send a short audit checklist if useful."
